gnss_id,parcel_id,latitude,longitude,accuracy_m,survey_date,operator,source_dataset,source_type,generated_at,is_simulated
GNSS-VVR-00142,VVR-23-00142,19.417842,72.823194,0.08,2026-09-18,Field Survey Team A,synthetic_gnss_2026,GNSS_SURVEY,2026-09-18T10:30:00Z,True
GNSS-VVR-00217,VVR-23-00217,19.418118,72.82221,0.09,2026-09-18,Field Survey Team A,synthetic_gnss_2026,GNSS_SURVEY,2026-09-18T10:30:00Z,True
GNSS-VVR-00003,VVR-23-00003,19.41809,72.822448,0.08,2026-09-15,Field Survey Team A,synthetic_gnss_2026,GNSS_SURVEY,2026-09-18T10:30:00Z,True
GNSS-VVR-00004,VVR-23-00004,19.418093,72.822686,0.16,2026-09-16,Field Survey Team B,synthetic_gnss_2026,GNSS_SURVEY,2026-09-18T10:30:00Z,True
GNSS-VVR-00005,VVR-23-00005,19.418096,72.822938,0.16,2026-09-17,Field Survey Team C,synthetic_gnss_2026,GNSS_SURVEY,2026-09-18T10:30:00Z,True
GNSS-VVR-00006,VVR-23-00006,19.418337,72.821945,0.05,2026-09-18,Field Survey Team A,synthetic_gnss_2026,GNSS_SURVEY,2026-09-18T10:30:00Z,True
GNSS-VVR-00007,VVR-23-00007,19.418345,72.822197,0.05,2026-09-19,Field Survey Team B,synthetic_gnss_2026,GNSS_SURVEY,2026-09-18T10:30:00Z,True
GNSS-VVR-00008,VVR-23-00008,19.418352,72.822435,0.07,2026-09-20,Field Survey Team C,synthetic_gnss_2026,GNSS_SURVEY,2026-09-18T10:30:00Z,True
GNSS-VVR-00009,VVR-23-00009,19.418346,72.822687,0.14,2026-09-21,Field Survey Team A,synthetic_gnss_2026,GNSS_SURVEY,2026-09-18T10:30:00Z,True
GNSS-VVR-00010,VVR-23-00010,19.418354,72.82294,0.13,2026-09-22,Field Survey Team B,synthetic_gnss_2026,GNSS_SURVEY,2026-09-18T10:30:00Z,True
GNSS-VVR-00011,VVR-23-00011,19.41859,72.821946,0.14,2026-09-23,Field Survey Team C,synthetic_gnss_2026,GNSS_SURVEY,2026-09-18T10:30:00Z,True
GNSS-VVR-00012,VVR-23-00012,19.418602,72.822184,0.11,2026-09-24,Field Survey Team A,synthetic_gnss_2026,GNSS_SURVEY,2026-09-18T10:30:00Z,True
GNSS-VVR-00013,VVR-23-00013,19.418601,72.822437,0.13,2026-09-25,Field Survey Team B,synthetic_gnss_2026,GNSS_SURVEY,2026-09-18T10:30:00Z,True
GNSS-VVR-00014,VVR-23-00014,19.418622,72.822712,0.32,2026-09-12,Field Survey Team C,synthetic_gnss_2026,GNSS_SURVEY,2026-09-18T10:30:00Z,True
GNSS-VVR-00015,VVR-23-00015,19.418611,72.822927,0.09,2026-09-27,Field Survey Team A,synthetic_gnss_2026,GNSS_SURVEY,2026-09-18T10:30:00Z,True
GNSS-VVR-00016,VVR-23-00016,19.418843,72.821934,0.07,2026-09-12,Field Survey Team B,synthetic_gnss_2026,GNSS_SURVEY,2026-09-18T10:30:00Z,True
GNSS-VVR-00017,VVR-23-00017,19.418846,72.822186,0.06,2026-09-13,Field Survey Team C,synthetic_gnss_2026,GNSS_SURVEY,2026-09-18T10:30:00Z,True
GNSS-VVR-00018,VVR-23-00018,19.418849,72.822438,0.06,2026-09-14,Field Survey Team A,synthetic_gnss_2026,GNSS_SURVEY,2026-09-18T10:30:00Z,True
GNSS-VVR-00019,VVR-23-00019,19.418852,72.822676,0.14,2026-09-15,Field Survey Team B,synthetic_gnss_2026,GNSS_SURVEY,2026-09-18T10:30:00Z,True
GNSS-VVR-00020,VVR-23-00020,19.418855,72.822928,0.17,2026-09-16,Field Survey Team C,synthetic_gnss_2026,GNSS_SURVEY,2026-09-18T10:30:00Z,True
GNSS-VVR-00021,VVR-23-00021,19.419096,72.821935,0.11,2026-09-17,Field Survey Team A,synthetic_gnss_2026,GNSS_SURVEY,2026-09-18T10:30:00Z,True
GNSS-VVR-00022,VVR-23-00022,19.419103,72.822187,0.2,2026-09-18,Field Survey Team B,synthetic_gnss_2026,GNSS_SURVEY,2026-09-18T10:30:00Z,True
GNSS-VVR-00023,VVR-23-00023,19.419111,72.822425,0.05,2026-09-19,Field Survey Team C,synthetic_gnss_2026,GNSS_SURVEY,2026-09-18T10:30:00Z,True
GNSS-VVR-00024,VVR-23-00024,19.419105,72.822677,0.17,2026-09-20,Field Survey Team A,synthetic_gnss_2026,GNSS_SURVEY,2026-09-18T10:30:00Z,True
GNSS-VVR-00025,VVR-23-00025,19.419112,72.82293,0.18,2026-09-21,Field Survey Team B,synthetic_gnss_2026,GNSS_SURVEY,2026-09-18T10:30:00Z,True
GNSS-VVR-00026,VVR-23-00026,19.418102,72.823419,0.13,2026-09-22,Field Survey Team C,synthetic_gnss_2026,GNSS_SURVEY,2026-09-18T10:30:00Z,True
GNSS-VVR-00027,VVR-23-00027,19.418105,72.823671,0.05,2026-09-23,Field Survey Team A,synthetic_gnss_2026,GNSS_SURVEY,2026-09-18T10:30:00Z,True
GNSS-VVR-00028,VVR-23-00028,19.418108,72.823923,0.08,2026-09-24,Field Survey Team B,synthetic_gnss_2026,GNSS_SURVEY,2026-09-18T10:30:00Z,True
GNSS-VVR-00029,VVR-23-00029,19.418134,72.824185,0.43,2026-09-13,Field Survey Team C,synthetic_gnss_2026,GNSS_SURVEY,2026-09-18T10:30:00Z,True
GNSS-VVR-00030,VVR-23-00030,19.418114,72.824414,0.18,2026-09-26,Field Survey Team A,synthetic_gnss_2026,GNSS_SURVEY,2026-09-18T10:30:00Z,True
GNSS-VVR-00031,VVR-23-00031,19.418355,72.82342,0.08,2026-09-27,Field Survey Team B,synthetic_gnss_2026,GNSS_SURVEY,2026-09-18T10:30:00Z,True
GNSS-VVR-00032,VVR-23-00032,19.418363,72.823673,0.17,2026-09-12,Field Survey Team C,synthetic_gnss_2026,GNSS_SURVEY,2026-09-18T10:30:00Z,True
GNSS-VVR-00033,VVR-23-00033,19.41837,72.82391,0.1,2026-09-13,Field Survey Team A,synthetic_gnss_2026,GNSS_SURVEY,2026-09-18T10:30:00Z,True
GNSS-VVR-00034,VVR-23-00034,19.418364,72.824163,0.15,2026-09-14,Field Survey Team B,synthetic_gnss_2026,GNSS_SURVEY,2026-09-18T10:30:00Z,True
GNSS-VVR-00035,VVR-23-00035,19.418371,72.824415,0.19,2026-09-15,Field Survey Team C,synthetic_gnss_2026,GNSS_SURVEY,2026-09-18T10:30:00Z,True
GNSS-VVR-00036,VVR-23-00036,19.418608,72.823422,0.05,2026-09-16,Field Survey Team A,synthetic_gnss_2026,GNSS_SURVEY,2026-09-18T10:30:00Z,True
GNSS-VVR-00037,VVR-23-00037,19.41862,72.82366,0.07,2026-09-17,Field Survey Team B,synthetic_gnss_2026,GNSS_SURVEY,2026-09-18T10:30:00Z,True
GNSS-VVR-00038,VVR-23-00038,19.418618,72.823912,0.08,2026-09-18,Field Survey Team C,synthetic_gnss_2026,GNSS_SURVEY,2026-09-18T10:30:00Z,True
GNSS-VVR-00039,VVR-23-00039,19.418617,72.824164,0.1,2026-09-19,Field Survey Team A,synthetic_gnss_2026,GNSS_SURVEY,2026-09-18T10:30:00Z,True
GNSS-VVR-00040,VVR-23-00040,19.418629,72.824402,0.15,2026-09-20,Field Survey Team B,synthetic_gnss_2026,GNSS_SURVEY,2026-09-18T10:30:00Z,True
GNSS-VVR-00041,VVR-23-00041,19.418884,72.823432,0.43,2026-09-25,Field Survey Team C,synthetic_gnss_2026,GNSS_SURVEY,2026-09-18T10:30:00Z,True
GNSS-VVR-00042,VVR-23-00042,19.418864,72.823661,0.08,2026-09-22,Field Survey Team A,synthetic_gnss_2026,GNSS_SURVEY,2026-09-18T10:30:00Z,True
GNSS-VVR-00043,VVR-23-00043,19.418867,72.823913,0.17,2026-09-23,Field Survey Team B,synthetic_gnss_2026,GNSS_SURVEY,2026-09-18T10:30:00Z,True
GNSS-VVR-00044,VVR-23-00044,19.41887,72.824151,0.08,2026-09-24,Field Survey Team C,synthetic_gnss_2026,GNSS_SURVEY,2026-09-18T10:30:00Z,True
GNSS-VVR-00045,VVR-23-00045,19.418873,72.824404,0.07,2026-09-25,Field Survey Team A,synthetic_gnss_2026,GNSS_SURVEY,2026-09-18T10:30:00Z,True
GNSS-VVR-00046,VVR-23-00046,19.419114,72.82341,0.18,2026-09-26,Field Survey Team B,synthetic_gnss_2026,GNSS_SURVEY,2026-09-18T10:30:00Z,True
GNSS-VVR-00047,VVR-23-00047,19.419121,72.823662,0.08,2026-09-27,Field Survey Team C,synthetic_gnss_2026,GNSS_SURVEY,2026-09-18T10:30:00Z,True
GNSS-VVR-00048,VVR-23-00048,19.419129,72.8239,0.16,2026-09-12,Field Survey Team A,synthetic_gnss_2026,GNSS_SURVEY,2026-09-18T10:30:00Z,True
GNSS-VVR-00049,VVR-23-00049,19.419123,72.824153,0.1,2026-09-13,Field Survey Team B,synthetic_gnss_2026,GNSS_SURVEY,2026-09-18T10:30:00Z,True
GNSS-VVR-00050,VVR-23-00050,19.41913,72.824405,0.2,2026-09-14,Field Survey Team C,synthetic_gnss_2026,GNSS_SURVEY,2026-09-18T10:30:00Z,True
GNSS-VVR-00051,VVR-21-00051,19.416567,72.821964,0.05,2026-09-15,Field Survey Team A,synthetic_gnss_2026,GNSS_SURVEY,2026-09-18T10:30:00Z,True
GNSS-VVR-00052,VVR-21-00052,19.41657,72.822216,0.06,2026-09-16,Field Survey Team B,synthetic_gnss_2026,GNSS_SURVEY,2026-09-18T10:30:00Z,True
GNSS-VVR-00053,VVR-21-00053,19.416573,72.822468,0.14,2026-09-17,Field Survey Team C,synthetic_gnss_2026,GNSS_SURVEY,2026-09-18T10:30:00Z,True
GNSS-VVR-00054,VVR-21-00054,19.416576,72.822706,0.14,2026-09-18,Field Survey Team A,synthetic_gnss_2026,GNSS_SURVEY,2026-09-18T10:30:00Z,True
GNSS-VVR-00055,VVR-21-00055,19.416579,72.822959,0.2,2026-09-19,Field Survey Team B,synthetic_gnss_2026,GNSS_SURVEY,2026-09-18T10:30:00Z,True
GNSS-VVR-00056,VVR-21-00056,19.41682,72.821965,0.15,2026-09-20,Field Survey Team C,synthetic_gnss_2026,GNSS_SURVEY,2026-09-18T10:30:00Z,True
GNSS-VVR-00057,VVR-21-00057,19.416828,72.822217,0.06,2026-09-21,Field Survey Team A,synthetic_gnss_2026,GNSS_SURVEY,2026-09-18T10:30:00Z,True
GNSS-VVR-00058,VVR-21-00058,19.416835,72.822455,0.11,2026-09-22,Field Survey Team B,synthetic_gnss_2026,GNSS_SURVEY,2026-09-18T10:30:00Z,True
GNSS-VVR-00059,VVR-21-00059,19.416829,72.822708,0.12,2026-09-23,Field Survey Team C,synthetic_gnss_2026,GNSS_SURVEY,2026-09-18T10:30:00Z,True
GNSS-VVR-00060,VVR-21-00060,19.416837,72.82296,0.17,2026-09-24,Field Survey Team A,synthetic_gnss_2026,GNSS_SURVEY,2026-09-18T10:30:00Z,True
GNSS-VVR-00061,VVR-21-00061,19.417073,72.821967,0.1,2026-09-25,Field Survey Team B,synthetic_gnss_2026,GNSS_SURVEY,2026-09-18T10:30:00Z,True
GNSS-VVR-00062,VVR-21-00062,19.417085,72.822205,0.14,2026-09-26,Field Survey Team C,synthetic_gnss_2026,GNSS_SURVEY,2026-09-18T10:30:00Z,True
GNSS-VVR-00063,VVR-21-00063,19.417083,72.822457,0.06,2026-09-27,Field Survey Team A,synthetic_gnss_2026,GNSS_SURVEY,2026-09-18T10:30:00Z,True
GNSS-VVR-00064,VVR-21-00064,19.417082,72.822709,0.08,2026-09-12,Field Survey Team B,synthetic_gnss_2026,GNSS_SURVEY,2026-09-18T10:30:00Z,True
GNSS-VVR-00065,VVR-21-00065,19.417094,72.822947,0.05,2026-09-13,Field Survey Team C,synthetic_gnss_2026,GNSS_SURVEY,2026-09-18T10:30:00Z,True
GNSS-VVR-00066,VVR-21-00066,19.417349,72.821977,0.38,2026-09-22,Field Survey Team C,synthetic_gnss_2026,GNSS_SURVEY,2026-09-18T10:30:00Z,True
GNSS-VVR-00067,VVR-21-00067,19.417329,72.822206,0.15,2026-09-15,Field Survey Team B,synthetic_gnss_2026,GNSS_SURVEY,2026-09-18T10:30:00Z,True
GNSS-VVR-00068,VVR-21-00068,19.417332,72.822458,0.12,2026-09-16,Field Survey Team C,synthetic_gnss_2026,GNSS_SURVEY,2026-09-18T10:30:00Z,True
GNSS-VVR-00069,VVR-21-00069,19.417335,72.822696,0.19,2026-09-17,Field Survey Team A,synthetic_gnss_2026,GNSS_SURVEY,2026-09-18T10:30:00Z,True
GNSS-VVR-00070,VVR-21-00070,19.417338,72.822948,0.1,2026-09-18,Field Survey Team B,synthetic_gnss_2026,GNSS_SURVEY,2026-09-18T10:30:00Z,True
GNSS-VVR-00071,VVR-21-00071,19.417579,72.821955,0.18,2026-09-19,Field Survey Team C,synthetic_gnss_2026,GNSS_SURVEY,2026-09-18T10:30:00Z,True
GNSS-VVR-00072,VVR-21-00072,19.417586,72.822207,0.08,2026-09-20,Field Survey Team A,synthetic_gnss_2026,GNSS_SURVEY,2026-09-18T10:30:00Z,True
GNSS-VVR-00073,VVR-21-00073,19.417594,72.822445,0.04,2026-09-21,Field Survey Team B,synthetic_gnss_2026,GNSS_SURVEY,2026-09-18T10:30:00Z,True
GNSS-VVR-00074,VVR-21-00074,19.417588,72.822698,0.04,2026-09-22,Field Survey Team C,synthetic_gnss_2026,GNSS_SURVEY,2026-09-18T10:30:00Z,True
GNSS-VVR-00075,VVR-21-00075,19.417595,72.82295,0.05,2026-09-23,Field Survey Team A,synthetic_gnss_2026,GNSS_SURVEY,2026-09-18T10:30:00Z,True
GNSS-VVR-00076,VVR-12-00076,19.416585,72.823439,0.05,2026-09-24,Field Survey Team B,synthetic_gnss_2026,GNSS_SURVEY,2026-09-18T10:30:00Z,True
GNSS-VVR-00077,VVR-12-00077,19.416588,72.823691,0.15,2026-09-25,Field Survey Team C,synthetic_gnss_2026,GNSS_SURVEY,2026-09-18T10:30:00Z,True
GNSS-VVR-00078,VVR-12-00078,19.416591,72.823944,0.16,2026-09-26,Field Survey Team A,synthetic_gnss_2026,GNSS_SURVEY,2026-09-18T10:30:00Z,True
GNSS-VVR-00079,VVR-12-00079,19.416594,72.824182,0.17,2026-09-27,Field Survey Team B,synthetic_gnss_2026,GNSS_SURVEY,2026-09-18T10:30:00Z,True
GNSS-VVR-00080,VVR-12-00080,19.416597,72.824434,0.06,2026-09-12,Field Survey Team C,synthetic_gnss_2026,GNSS_SURVEY,2026-09-18T10:30:00Z,True
GNSS-VVR-00081,VVR-12-00081,19.416838,72.823441,0.11,2026-09-13,Field Survey Team A,synthetic_gnss_2026,GNSS_SURVEY,2026-09-18T10:30:00Z,True
GNSS-VVR-00082,VVR-12-00082,19.416845,72.823693,0.15,2026-09-14,Field Survey Team B,synthetic_gnss_2026,GNSS_SURVEY,2026-09-18T10:30:00Z,True
GNSS-VVR-00083,VVR-12-00083,19.416853,72.823931,0.1,2026-09-15,Field Survey Team C,synthetic_gnss_2026,GNSS_SURVEY,2026-09-18T10:30:00Z,True
GNSS-VVR-00084,VVR-12-00084,19.416847,72.824183,0.08,2026-09-16,Field Survey Team A,synthetic_gnss_2026,GNSS_SURVEY,2026-09-18T10:30:00Z,True
GNSS-VVR-00085,VVR-12-00085,19.416854,72.824435,0.06,2026-09-17,Field Survey Team B,synthetic_gnss_2026,GNSS_SURVEY,2026-09-18T10:30:00Z,True
GNSS-VVR-00086,VVR-12-00086,19.417091,72.823442,0.11,2026-09-18,Field Survey Team C,synthetic_gnss_2026,GNSS_SURVEY,2026-09-18T10:30:00Z,True
GNSS-VVR-00087,VVR-12-00087,19.417103,72.82368,0.17,2026-09-19,Field Survey Team A,synthetic_gnss_2026,GNSS_SURVEY,2026-09-18T10:30:00Z,True
GNSS-VVR-00088,VVR-12-00088,19.417101,72.823932,0.14,2026-09-20,Field Survey Team B,synthetic_gnss_2026,GNSS_SURVEY,2026-09-18T10:30:00Z,True
GNSS-VVR-00089,VVR-12-00089,19.417123,72.824208,0.43,2026-09-17,Field Survey Team C,synthetic_gnss_2026,GNSS_SURVEY,2026-09-18T10:30:00Z,True
GNSS-VVR-00090,VVR-12-00090,19.417112,72.824422,0.12,2026-09-22,Field Survey Team A,synthetic_gnss_2026,GNSS_SURVEY,2026-09-18T10:30:00Z,True
GNSS-VVR-00091,VVR-12-00091,19.417344,72.823429,0.18,2026-09-23,Field Survey Team B,synthetic_gnss_2026,GNSS_SURVEY,2026-09-18T10:30:00Z,True
GNSS-VVR-00092,VVR-12-00092,19.417347,72.823681,0.04,2026-09-24,Field Survey Team C,synthetic_gnss_2026,GNSS_SURVEY,2026-09-18T10:30:00Z,True
GNSS-VVR-00093,VVR-12-00093,19.41735,72.823934,0.19,2026-09-25,Field Survey Team A,synthetic_gnss_2026,GNSS_SURVEY,2026-09-18T10:30:00Z,True
GNSS-VVR-00094,VVR-12-00094,19.417352,72.824172,0.11,2026-09-26,Field Survey Team B,synthetic_gnss_2026,GNSS_SURVEY,2026-09-18T10:30:00Z,True
GNSS-VVR-00095,VVR-12-00095,19.417355,72.824424,0.07,2026-09-27,Field Survey Team C,synthetic_gnss_2026,GNSS_SURVEY,2026-09-18T10:30:00Z,True
GNSS-VVR-00096,VVR-12-00096,19.417596,72.823431,0.13,2026-09-12,Field Survey Team A,synthetic_gnss_2026,GNSS_SURVEY,2026-09-18T10:30:00Z,True
GNSS-VVR-00097,VVR-12-00097,19.417604,72.823683,0.05,2026-09-13,Field Survey Team B,synthetic_gnss_2026,GNSS_SURVEY,2026-09-18T10:30:00Z,True
GNSS-VVR-00098,VVR-12-00098,19.417611,72.823921,0.05,2026-09-14,Field Survey Team C,synthetic_gnss_2026,GNSS_SURVEY,2026-09-18T10:30:00Z,True
GNSS-VVR-00099,VVR-12-00099,19.417605,72.824173,0.05,2026-09-15,Field Survey Team A,synthetic_gnss_2026,GNSS_SURVEY,2026-09-18T10:30:00Z,True
GNSS-VVR-00100,VVR-12-00100,19.417613,72.824425,0.1,2026-09-16,Field Survey Team B,synthetic_gnss_2026,GNSS_SURVEY,2026-09-18T10:30:00Z,True
