revenue_id,survey_number,recorded_owner,recorded_area_sqm,land_class,village,taluka,district,record_year,source_dataset,source_type,generated_at,is_simulated
RV-23-00871,118/3A,Rajesh Prakash Patil,428.4,Residential,Nalasopara,Vasai,Palghar,2025,synthetic_revenue_2026,REVENUE,2026-09-18T10:30:00Z,True
RV-23-00912,124/2B,Vijay Dattatray Shinde,611.8,Commercial,Nalasopara,Vasai,Palghar,2025,synthetic_revenue_2026,REVENUE,2026-09-18T10:30:00Z,True
RV-23-00803,110/3A,Mahesh Manohar Joshi,419.58,Residential,Nalasopara,Vasai,Palghar,2025,synthetic_revenue_2026,REVENUE,2026-09-18T10:30:00Z,True
RV-23-00804,110/4B,Kishor Ramesh Bhoir,377.62,Mixed-Use,Nalasopara,Vasai,Palghar,2025,synthetic_revenue_2026,REVENUE,2026-09-18T10:30:00Z,True
RV-23-00805,110/5A,Vijay Shantaram Kadam,398.6,Residential,Nalasopara,Vasai,Palghar,2025,synthetic_revenue_2026,REVENUE,2026-09-18T10:30:00Z,True
RV-23-00806,111/1B,Deepak Narayan Tare,398.6,Residential,Nalasopara,Vasai,Palghar,2025,synthetic_revenue_2026,REVENUE,2026-09-18T10:30:00Z,True
RV-23-00807,111/2A,Aniket Sunil More,439.56,Residential,Nalasopara,Vasai,Palghar,2025,synthetic_revenue_2026,REVENUE,2026-09-18T10:30:00Z,True
RV-23-00808,111/3B,Ganesh Vasant Deshmukh,413.59,Commercial,Nalasopara,Vasai,Palghar,2025,synthetic_revenue_2026,REVENUE,2026-09-18T10:30:00Z,True
RV-23-00809,111/4A,Amit Vinayak Chavan,398.6,Residential,Nalasopara,Vasai,Palghar,2025,synthetic_revenue_2026,REVENUE,2026-09-18T10:30:00Z,True
RV-23-00810,111/5B,Ramesh Mahesh Thakur,439.56,Mixed-Use,Nalasopara,Vasai,Palghar,2025,synthetic_revenue_2026,REVENUE,2026-09-18T10:30:00Z,True
RV-23-00811,112/1A,Nilesh Suresh Raut,419.58,Residential,Nalasopara,Vasai,Palghar,2025,synthetic_revenue_2026,REVENUE,2026-09-18T10:30:00Z,True
RV-23-00812,112/2B,Prakash Bhaskar Gaikwad,413.59,Residential,Nalasopara,Vasai,Palghar,2025,synthetic_revenue_2026,REVENUE,2026-09-18T10:30:00Z,True
RV-23-00813,112/3A,Sanjay Ashok Keni,417.58,Residential,Nalasopara,Vasai,Palghar,2025,synthetic_revenue_2026,REVENUE,2026-09-18T10:30:00Z,True
RV-23-00814,112/4B,Sachin Anil Kulkarni,419.16,Commercial,Nalasopara,Vasai,Palghar,2025,synthetic_revenue_2026,REVENUE,2026-09-18T10:30:00Z,True
RV-23-00815,112/5A,Sneha Prabhakar Shinde,413.59,Residential,Nalasopara,Vasai,Palghar,2025,synthetic_revenue_2026,REVENUE,2026-09-18T10:30:00Z,True
RV-23-00816,113/1B,Rahul Prakash Sawant,377.62,Mixed-Use,Nalasopara,Vasai,Palghar,2025,synthetic_revenue_2026,REVENUE,2026-09-18T10:30:00Z,True
RV-23-00817,113/2A,Shweta Dattatray Mhatre,398.6,Residential,Nalasopara,Vasai,Palghar,2025,synthetic_revenue_2026,REVENUE,2026-09-18T10:30:00Z,True
RV-23-00818,113/3B,Pooja Gajanan Naik,419.58,Residential,Nalasopara,Vasai,Palghar,2025,synthetic_revenue_2026,REVENUE,2026-09-18T10:30:00Z,True
RV-23-00819,113/4A,Manoj Manohar Vartak,377.62,Residential,Nalasopara,Vasai,Palghar,2025,synthetic_revenue_2026,REVENUE,2026-09-18T10:30:00Z,True
RV-23-00820,113/5B,Kavita Ramesh Patil,398.6,Commercial,Nalasopara,Vasai,Palghar,2025,synthetic_revenue_2026,REVENUE,2026-09-18T10:30:00Z,True
RV-23-00821,114/1A,Manisha Shantaram Jadhav,398.6,Residential,Nalasopara,Vasai,Palghar,2025,synthetic_revenue_2026,REVENUE,2026-09-18T10:30:00Z,True
RV-23-00822,114/2B,Neha Narayan Pawar,439.56,Mixed-Use,Nalasopara,Vasai,Palghar,2025,synthetic_revenue_2026,REVENUE,2026-09-18T10:30:00Z,True
RV-23-00823,114/3A,Sunita Sunil Joshi,413.17,Residential,Nalasopara,Vasai,Palghar,2025,synthetic_revenue_2026,REVENUE,2026-09-18T10:30:00Z,True
RV-23-00824,114/4B,Sujata Vasant Bhoir,398.6,Residential,Nalasopara,Vasai,Palghar,2025,synthetic_revenue_2026,REVENUE,2026-09-18T10:30:00Z,True
RV-23-00825,114/5A,Swati Vinayak Kadam,439.56,Residential,Nalasopara,Vasai,Palghar,2025,synthetic_revenue_2026,REVENUE,2026-09-18T10:30:00Z,True
RV-23-00826,115/1A,Priya Mahesh Tare,377.62,Commercial,Nalasopara,Vasai,Palghar,2025,synthetic_revenue_2026,REVENUE,2026-09-18T10:30:00Z,True
RV-23-00827,115/2B,Sunil Suresh More,398.6,Residential,Nalasopara,Vasai,Palghar,2025,synthetic_revenue_2026,REVENUE,2026-09-18T10:30:00Z,True
RV-23-00828,115/3A,Sandeep Bhaskar Deshmukh,419.58,Mixed-Use,Nalasopara,Vasai,Palghar,2025,synthetic_revenue_2026,REVENUE,2026-09-18T10:30:00Z,True
RV-23-00829,115/4B,Vandana Ashok Chavan,377.62,Residential,Nalasopara,Vasai,Palghar,2025,synthetic_revenue_2026,REVENUE,2026-09-18T10:30:00Z,True
RV-23-00830,115/5A,Rajesh Anil Thakur,398.6,Residential,Nalasopara,Vasai,Palghar,2025,synthetic_revenue_2026,REVENUE,2026-09-18T10:30:00Z,True
RV-23-00831,116/1B,Nitin Prabhakar Raut,398.6,Residential,Nalasopara,Vasai,Palghar,2025,synthetic_revenue_2026,REVENUE,2026-09-18T10:30:00Z,True
RV-23-00832,116/2A,Archana Prakash Gaikwad,439.56,Commercial,Nalasopara,Vasai,Palghar,2025,synthetic_revenue_2026,REVENUE,2026-09-18T10:30:00Z,True
RV-23-00833,116/3B,Mahesh Dattatray Keni,413.17,Residential,Nalasopara,Vasai,Palghar,2025,synthetic_revenue_2026,REVENUE,2026-09-18T10:30:00Z,True
RV-23-00834,116/4A,Kishor Gajanan Kulkarni,398.6,Mixed-Use,Nalasopara,Vasai,Palghar,2025,synthetic_revenue_2026,REVENUE,2026-09-18T10:30:00Z,True
RV-23-00835,116/5B,Vijay Manohar Shinde,398.6,Residential,Nalasopara,Vasai,Palghar,2025,synthetic_revenue_2026,REVENUE,2026-09-18T10:30:00Z,True
RV-23-00836,117/1A,Deepak Ramesh Sawant,419.58,Residential,Nalasopara,Vasai,Palghar,2025,synthetic_revenue_2026,REVENUE,2026-09-18T10:30:00Z,True
RV-23-00837,117/2B,Aniket Shantaram Mhatre,413.59,Residential,Nalasopara,Vasai,Palghar,2025,synthetic_revenue_2026,REVENUE,2026-09-18T10:30:00Z,True
RV-23-00838,117/3A,Ganesh Narayan Naik,417.58,Commercial,Nalasopara,Vasai,Palghar,2025,synthetic_revenue_2026,REVENUE,2026-09-18T10:30:00Z,True
RV-23-00839,117/4B,Amit Sunil Vartak,419.58,Residential,Nalasopara,Vasai,Palghar,2025,synthetic_revenue_2026,REVENUE,2026-09-18T10:30:00Z,True
RV-23-00840,117/5A,Ramesh Vasant Patil,413.59,Mixed-Use,Nalasopara,Vasai,Palghar,2025,synthetic_revenue_2026,REVENUE,2026-09-18T10:30:00Z,True
RV-23-00841,118/1B,Nilesh Vinayak Jadhav,377.24,Residential,Nalasopara,Vasai,Palghar,2025,synthetic_revenue_2026,REVENUE,2026-09-18T10:30:00Z,True
RV-23-00842,118/2A,Prakash Mahesh Pawar,398.6,Residential,Nalasopara,Vasai,Palghar,2025,synthetic_revenue_2026,REVENUE,2026-09-18T10:30:00Z,True
RV-23-00843,118/3B,Sanjay Suresh Joshi,419.58,Residential,Nalasopara,Vasai,Palghar,2025,synthetic_revenue_2026,REVENUE,2026-09-18T10:30:00Z,True
RV-23-00844,118/4A,Sachin Bhaskar Bhoir,377.62,Commercial,Nalasopara,Vasai,Palghar,2025,synthetic_revenue_2026,REVENUE,2026-09-18T10:30:00Z,True
RV-23-00845,118/5B,Sneha Ashok Kadam,398.6,Residential,Nalasopara,Vasai,Palghar,2025,synthetic_revenue_2026,REVENUE,2026-09-18T10:30:00Z,True
RV-23-00846,119/1A,Rahul Anil Tare,398.6,Mixed-Use,Nalasopara,Vasai,Palghar,2025,synthetic_revenue_2026,REVENUE,2026-09-18T10:30:00Z,True
RV-23-00847,119/2B,Shweta Prabhakar More,439.56,Residential,Nalasopara,Vasai,Palghar,2025,synthetic_revenue_2026,REVENUE,2026-09-18T10:30:00Z,True
RV-23-00848,119/3A,Pooja Prakash Deshmukh,413.59,Residential,Nalasopara,Vasai,Palghar,2025,synthetic_revenue_2026,REVENUE,2026-09-18T10:30:00Z,True
RV-23-00849,119/4B,Manoj Dattatray Chavan,398.6,Residential,Nalasopara,Vasai,Palghar,2025,synthetic_revenue_2026,REVENUE,2026-09-18T10:30:00Z,True
RV-23-00850,119/5A,Kavita Gajanan Thakur,439.56,Commercial,Nalasopara,Vasai,Palghar,2025,synthetic_revenue_2026,REVENUE,2026-09-18T10:30:00Z,True
RV-21-00851,120/1A,Manisha Manohar Raut,545.45,Residential,Virar,Vasai,Palghar,2025,synthetic_revenue_2026,REVENUE,2026-09-18T10:30:00Z,True
RV-21-00852,120/2B,Neha Ramesh Gaikwad,398.6,Mixed-Use,Virar,Vasai,Palghar,2025,synthetic_revenue_2026,REVENUE,2026-09-18T10:30:00Z,True
RV-21-00853,120/3A,Sunita Shantaram Keni,419.58,Residential,Virar,Vasai,Palghar,2025,synthetic_revenue_2026,REVENUE,2026-09-18T10:30:00Z,True
RV-21-00854,120/4B,Sujata Narayan Kulkarni,377.62,Residential,Virar,Vasai,Palghar,2025,synthetic_revenue_2026,REVENUE,2026-09-18T10:30:00Z,True
RV-21-00855,120/5A,Swati Sunil Shinde,398.6,Residential,Virar,Vasai,Palghar,2025,synthetic_revenue_2026,REVENUE,2026-09-18T10:30:00Z,True
RV-21-00856,121/1B,Priya Vasant Sawant,398.6,Commercial,Virar,Vasai,Palghar,2025,synthetic_revenue_2026,REVENUE,2026-09-18T10:30:00Z,True
RV-21-00857,121/2A,Sunil Vinayak Mhatre,439.56,Residential,Virar,Vasai,Palghar,2025,synthetic_revenue_2026,REVENUE,2026-09-18T10:30:00Z,True
RV-21-00858,121/3B,Sandeep Mahesh Naik,413.17,Mixed-Use,Virar,Vasai,Palghar,2025,synthetic_revenue_2026,REVENUE,2026-09-18T10:30:00Z,True
RV-21-00859,121/4A,Vandana Suresh Vartak,398.6,Residential,Virar,Vasai,Palghar,2025,synthetic_revenue_2026,REVENUE,2026-09-18T10:30:00Z,True
RV-21-00860,121/5B,Rajesh Bhaskar Patil,439.56,Residential,Virar,Vasai,Palghar,2025,synthetic_revenue_2026,REVENUE,2026-09-18T10:30:00Z,True
RV-21-00861,122/1A,Nitin Ashok Jadhav,419.58,Residential,Virar,Vasai,Palghar,2025,synthetic_revenue_2026,REVENUE,2026-09-18T10:30:00Z,True
RV-21-00862,122/2B,Archana Anil Pawar,413.59,Commercial,Virar,Vasai,Palghar,2025,synthetic_revenue_2026,REVENUE,2026-09-18T10:30:00Z,True
RV-21-00863,122/3A,Mahesh Prabhakar Joshi,593.41,Residential,Virar,Vasai,Palghar,2025,synthetic_revenue_2026,REVENUE,2026-09-18T10:30:00Z,True
RV-21-00864,122/4B,Kishor Prakash Bhoir,419.58,Mixed-Use,Virar,Vasai,Palghar,2025,synthetic_revenue_2026,REVENUE,2026-09-18T10:30:00Z,True
RV-21-00865,122/5A,Vijay Dattatray Kadam,413.59,Residential,Virar,Vasai,Palghar,2025,synthetic_revenue_2026,REVENUE,2026-09-18T10:30:00Z,True
RV-21-00866,123/1B,Deepak Gajanan Tare,377.24,Residential,Virar,Vasai,Palghar,2025,synthetic_revenue_2026,REVENUE,2026-09-18T10:30:00Z,True
RV-21-00867,123/2A,Aniket Manohar More,398.6,Residential,Virar,Vasai,Palghar,2025,synthetic_revenue_2026,REVENUE,2026-09-18T10:30:00Z,True
RV-21-00868,123/3B,Ganesh Ramesh Deshmukh,419.58,Commercial,Virar,Vasai,Palghar,2025,synthetic_revenue_2026,REVENUE,2026-09-18T10:30:00Z,True
RV-21-00869,123/4A,Amit Shantaram Chavan,377.62,Residential,Virar,Vasai,Palghar,2025,synthetic_revenue_2026,REVENUE,2026-09-18T10:30:00Z,True
RV-21-00870,123/5B,Ramesh Narayan Thakur,398.6,Mixed-Use,Virar,Vasai,Palghar,2025,synthetic_revenue_2026,REVENUE,2026-09-18T10:30:00Z,True
RV-21-00871,124/1A,Nilesh Sunil Raut,398.6,Residential,Virar,Vasai,Palghar,2025,synthetic_revenue_2026,REVENUE,2026-09-18T10:30:00Z,True
RV-21-00872,124/2B,Prakash Vasant Gaikwad,439.56,Residential,Virar,Vasai,Palghar,2025,synthetic_revenue_2026,REVENUE,2026-09-18T10:30:00Z,True
RV-21-00873,124/3A,Sanjay Vinayak Keni,413.59,Residential,Virar,Vasai,Palghar,2025,synthetic_revenue_2026,REVENUE,2026-09-18T10:30:00Z,True
RV-21-00874,124/4B,Sachin Mahesh Kulkarni,398.6,Commercial,Virar,Vasai,Palghar,2025,synthetic_revenue_2026,REVENUE,2026-09-18T10:30:00Z,True
RV-21-00875,124/5A,Sneha Suresh Shinde,439.56,Residential,Virar,Vasai,Palghar,2025,synthetic_revenue_2026,REVENUE,2026-09-18T10:30:00Z,True
RV-12-00876,125/1A,Rahul Bhaskar Sawant,377.24,Mixed-Use,Virar,Vasai,Palghar,2025,synthetic_revenue_2026,REVENUE,2026-09-18T10:30:00Z,True
RV-12-00877,125/2B,Shweta Ashok Mhatre,398.6,Residential,Virar,Vasai,Palghar,2025,synthetic_revenue_2026,REVENUE,2026-09-18T10:30:00Z,True
RV-12-00878,125/3A,Pooja Anil Naik,398.6,Residential,Virar,Vasai,Palghar,2025,synthetic_revenue_2026,REVENUE,2026-09-18T10:30:00Z,True
RV-12-00879,125/4B,Manoj Prabhakar Vartak,377.62,Residential,Virar,Vasai,Palghar,2025,synthetic_revenue_2026,REVENUE,2026-09-18T10:30:00Z,True
RV-12-00880,125/5A,Kavita Prakash Patil,398.6,Commercial,Virar,Vasai,Palghar,2025,synthetic_revenue_2026,REVENUE,2026-09-18T10:30:00Z,True
RV-12-00881,126/1B,Manisha Dattatray Jadhav,566.43,Residential,Virar,Vasai,Palghar,2025,synthetic_revenue_2026,REVENUE,2026-09-18T10:30:00Z,True
RV-12-00882,126/2A,Neha Gajanan Pawar,439.56,Mixed-Use,Virar,Vasai,Palghar,2025,synthetic_revenue_2026,REVENUE,2026-09-18T10:30:00Z,True
RV-12-00883,126/3B,Sunita Manohar Joshi,413.17,Residential,Virar,Vasai,Palghar,2025,synthetic_revenue_2026,REVENUE,2026-09-18T10:30:00Z,True
RV-12-00884,126/4A,Sujata Ramesh Bhoir,398.6,Residential,Virar,Vasai,Palghar,2025,synthetic_revenue_2026,REVENUE,2026-09-18T10:30:00Z,True
RV-12-00885,126/5B,Swati Shantaram Kadam,439.56,Residential,Virar,Vasai,Palghar,2025,synthetic_revenue_2026,REVENUE,2026-09-18T10:30:00Z,True
RV-12-00886,127/1A,Priya Narayan Tare,419.58,Commercial,Virar,Vasai,Palghar,2025,synthetic_revenue_2026,REVENUE,2026-09-18T10:30:00Z,True
RV-12-00887,127/2B,Sunil Sunil More,413.59,Residential,Virar,Vasai,Palghar,2025,synthetic_revenue_2026,REVENUE,2026-09-18T10:30:00Z,True
RV-12-00888,127/3A,Sandeep Vasant Deshmukh,417.58,Mixed-Use,Virar,Vasai,Palghar,2025,synthetic_revenue_2026,REVENUE,2026-09-18T10:30:00Z,True
RV-12-00889,127/4B,Vandana Vinayak Chavan,419.58,Residential,Virar,Vasai,Palghar,2025,synthetic_revenue_2026,REVENUE,2026-09-18T10:30:00Z,True
RV-12-00890,127/5A,Rajesh Mahesh Thakur,413.59,Residential,Virar,Vasai,Palghar,2025,synthetic_revenue_2026,REVENUE,2026-09-18T10:30:00Z,True
RV-12-00891,128/1B,Nitin Suresh Raut,377.62,Residential,Virar,Vasai,Palghar,2025,synthetic_revenue_2026,REVENUE,2026-09-18T10:30:00Z,True
RV-12-00892,128/2A,Archana Bhaskar Gaikwad,377.62,Commercial,Virar,Vasai,Palghar,2025,synthetic_revenue_2026,REVENUE,2026-09-18T10:30:00Z,True
RV-12-00893,128/3B,Mahesh Ashok Keni,419.58,Residential,Virar,Vasai,Palghar,2025,synthetic_revenue_2026,REVENUE,2026-09-18T10:30:00Z,True
RV-12-00894,128/4A,Kishor Anil Kulkarni,377.62,Mixed-Use,Virar,Vasai,Palghar,2025,synthetic_revenue_2026,REVENUE,2026-09-18T10:30:00Z,True
RV-12-00895,128/5B,Vijay Prabhakar Shinde,398.6,Residential,Virar,Vasai,Palghar,2025,synthetic_revenue_2026,REVENUE,2026-09-18T10:30:00Z,True
RV-12-00896,129/1A,Deepak Prakash Sawant,398.6,Residential,Virar,Vasai,Palghar,2025,synthetic_revenue_2026,REVENUE,2026-09-18T10:30:00Z,True
RV-12-00897,129/2B,Aniket Dattatray Mhatre,439.12,Residential,Virar,Vasai,Palghar,2025,synthetic_revenue_2026,REVENUE,2026-09-18T10:30:00Z,True
RV-12-00898,129/3A,Ganesh Gajanan Naik,413.59,Commercial,Virar,Vasai,Palghar,2025,synthetic_revenue_2026,REVENUE,2026-09-18T10:30:00Z,True
RV-12-00899,129/4B,Amit Manohar Vartak,398.6,Residential,Virar,Vasai,Palghar,2025,synthetic_revenue_2026,REVENUE,2026-09-18T10:30:00Z,True
RV-12-00900,129/5A,Ramesh Ramesh Patil,439.56,Mixed-Use,Virar,Vasai,Palghar,2025,synthetic_revenue_2026,REVENUE,2026-09-18T10:30:00Z,True
